<?xml version="1.0" encoding="UTF-8" standalone="yes"?>
<addon id="plugin.video.superwizard"
	   name="superwizard"
	   version="1.0.1"
	   provider-name="Gabito">
  <requires>
    <import addon="xbmc.python" version="2.1.0"/>
  </requires>
  <extension point="xbmc.python.pluginsource" library="default.py">
        <provides>executable</provides>
  </extension>
  <extension point="xbmc.addon.metadata">
    <summary>Wizard</summary>
    <description>GRACIAS por seleccionar superwizard el instalador inteligente para dejar tu KDOI fino</description> <!-- PEQUEÑA INTRO  -->
    <platform>all</platform>
  </extension>
</addon>
