<?xml version="1.0" encoding="UTF-8" standalone="yes"?>
<addon id="repository.boxopi" name="[COLOR lime]repositorioBOXOPOI[/COLOR] Repo" version="1.0.1" provider-name="Gabito">
    <extension point="xbmc.addon.repository" name="boxopi">
        <info>https://raw.githubusercontent.com/Gabitokodi/boxopi_repo/master/Repositorio/addons.xml</info>
        <checksum>https://raw.githubusercontent.com/Gabitokodi/boxopi_repo/master/Repositorio/addons.xml.md5</checksum>
        <datadir zip="true">https://raw.githubusercontent.com/Gabitokodi/master/Repositorio/</datadir>
    </extension>
    <extension point="xbmc.addon.metadata">
        <summary>Repositorio de BOXOPI</summary>
        <description></description>
        <disclaimer></disclaimer>
        <platform>all</platform>
    </extension>
</addon>
